omen,link,place,nature
A frog coming to the door is a sign of marriage in the family.,https://www.duchas.ie/en/cbe/9002840/7051671/9097825,Mayo,good
It is also a sign of death to see a frog in a house.,https://www.duchas.ie/en/cbes/4658424/4654038/4660785,Leitrim,bad
When a frog came into the kitchen it would be the sign of good luck.,https://www.duchas.ie/en/cbes/4922272/4866265/5190948,Tipperary,good
When a frog comes in the door it is a sign of death in the house.,https://www.duchas.ie/en/cbes/4427928/4358278/4454729,Mayo,bad
A frog coming into a house is a sure sign of death.,https://www.duchas.ie/en/cbes/4493805/4422520,Donegal,bad
They say if a frog came into a house it is a sure sign of death.,https://www.duchas.ie/en/cbes/4811614/4802158/4948560,Cork,bad
The people here regard the frog as a blessed creature and when he comes into the house it is regarded as a certain sign that somebody in the house or a relative is to die in a short time.,https://www.duchas.ie/en/cbes/4921728/4894111/5187730,Cork,bad
When a frog enters a house 'tis a sign of a death.,https://www.duchas.ie/en/cbes/5009008/4976601/5120829,Meath,bad
If a frog comes into a house it's a sign of a death.,https://www.duchas.ie/en/cbes/5009212/4998388/5105466,Longford,bad
For a frog to enter a house at night is a sign of an approaching death.,https://www.duchas.ie/en/cbes/5070765/5060683/5093652,Cavan,bad
"One night as we were all saying the Rosary, a frog came in and tried to hop on to a chair. Next day we got a cablegram saying that my aunt in America was dead.",https://www.duchas.ie/en/cbes/4427866/4351924/4435347,Mayo,bad
If a frog comes into a house it is a sign of a death.,https://www.duchas.ie/en/cbes/4701679/4692134/4725870,Sligo,bad
A frog as a visitor is a sign of coming evil.,https://www.duchas.ie/en/cbes/4658447/4656561/4659745,Leitrim,bad
They also say if a frog comes in the house at night time it is the sign of death.,https://www.duchas.ie/en/cbes/4811614/4802126/4948509,Cork,bad
"If a frog enters the house any time during the year except in the harvest, it foreshadows a death.",https://www.duchas.ie/en/cbes/4493806/4422716/4539860,Donegal,bad
If a frog or robin came in someone would die in the house,https://www.duchas.ie/en/cbes/4921594/4882732/5147509,Cork,bad
Should a frog cross your path when a person in the house is sick it is a sure sign of death.,https://www.duchas.ie/en/cbes/4613720/4612524/4649881,Kerry,bad
If a frog comes into a house. It is a sign of a near friend's death.,https://www.duchas.ie/en/cbes/4921934/4911168/4932155,Limerick,bad
If a frog hops into a dwelling house it is the sign of a death.,https://www.duchas.ie/en/cbes/5044789/5038350/5082874,Cavan,bad
If a frog comes into the house is the sign of a death.,https://www.duchas.ie/en/cbes/4701706/4694574/4770217,Sligo,bad
"If a frog comes in on a wet day, it is the sign of good-luck.",https://www.duchas.ie/en/cbes/5162119/5155724/5196513,Tipperary,good
It is a sign of bad luck if a frog comes into the house.,https://www.duchas.ie/en/cbes/4922298/4868163/5019845,Tipperary,bad
Frog entering house means a death in that house.,https://www.duchas.ie/en/cbes/5008850/4961025/5076581,Louth,bad
"A frog to hop into the house, a sign of a near friend's death.",https://www.duchas.ie/en/cbes/4921934/4911170/4932155,Limerick,bad
Good Luck if a Frog comes into the house.,https://www.duchas.ie/en/cbes/4816728/4718855,Monaghan,good
Unlucky for a frog to come into the house,https://www.duchas.ie/en/cbes/4940776/4731747/4941901,Monaghan,bad
People hate to have a frog enter a house because they say a frog brings ill-luck with it.,https://www.duchas.ie/en/cbes/4921924/4900655/4933550,Cork,bad
It is unlucky to see a frog in the house.,https://www.duchas.ie/en/cbes/5236081/5228734/5242523,Mayo,bad
If a frog comes into the house it is a sign of bad luck.,https://www.duchas.ie/en/cbes/4649710/4649393/4651505,Leitrim,bad
It is also lucky to get a frog without looking for him.,https://www.duchas.ie/en/cbes/5236081/5228807/5242539,Mayo,good
If you bring a frog into your house you will have bad [luck?],https://www.duchas.ie/en/cbes/4498309/4384047/4498327,Dublin,bad
It is unlucky for a frog to come into the house.,https://www.duchas.ie/en/cbes/5236081/5229019/5243248,Mayo,bad
It is unlucky for a frog to come into the house.,https://www.duchas.ie/en/cbes/5236081/5229677/5244357,Mayo,bad
A frog in a house means childbirth.,https://www.duchas.ie/en/cbes/4613715/4611640/4659556,Kerry,good
If a frog come into the kitchen it's a sign of luck.,https://www.duchas.ie/en/cbes/4922054/4847961/4956108,Limerick,good
If a frog came into the kitchen it is the sign of bad luck.,https://www.duchas.ie/en/cbes/5260427/5251756/5276403,Tipperary,bad
"Another old belief is that if a frog comes into the house, it is a sign of bad luck coming.",https://www.duchas.ie/en/cbes/4742046/4730665/4938411,Monaghan,bad
A frog to come into the house is a sign of bad luck.,https://www.duchas.ie/en/cbes/4921720/4893598/5178803,Cork,bad
When you see a frog in the middle of the road you would have bad luck.,https://www.duchas.ie/en/cbes/4428118/4379893/4463874,Waterford,bad
When a frog comes into a house it is the sign of bad luck.,https://www.duchas.ie/en/cbes/5044617/5026364/5141331,Offaly,bad
If a frog comes into the house you will have bad luck,https://www.duchas.ie/en/cbes/4539599/4362596/4539610,Mayo,bad
If a frog crosses you on the road you'll have bad luck.,https://www.duchas.ie/en/cbes/4811595/4800194/4928588,Roscommon,bad
If a frog came into a dwelling house some one in that house would die before that year would be out.,https://www.duchas.ie/en/cbes/4678376/4673452/4678847,Kerry,bad
It is sign of good luck for a frog to come into a dwelling house.,https://www.duchas.ie/en/cbes/4758577/4756164/4923826,Kilkenny,good
If a frog comes into the house it is very unlucky.,https://www.duchas.ie/en/cbes/5009258/5002255/5131456,Wexford,bad
One frog on the road is a sign of good luck,https://www.duchas.ie/en/cbes/4723876/4721369/4779894,Monaghan,good
"If a frog or a rat enters the house, bad luck will come to the house.",https://www.duchas.ie/en/cbes/5008982/4973658/5112703,Meath,bad
It is considered unlucky to see a frog hopping into the kitchen.,https://www.duchas.ie/en/cbes/5070816/5066942/5097087,Cavan,bad
Signs of bad luck: If frog comes in on floor,https://www.duchas.ie/en/cbes/5044739/5035657/5141813,Wicklow,bad
It is considered lucky for a frog to come into the house.,https://www.duchas.ie/en/cbes/4428354/4398830/4487670,Donegal,good
Dá cífeadh frog an mbóthar sin cómhartha bás duine éigin,https://www.duchas.ie/en/cbes/4742084/4734308/4923374,Kerry,bad
Má thagann frog isteach i dtig is cómharta bháis é.,https://www.duchas.ie/en/cbes/4798739/4794792/5017482,Cork,bad
